plate,plate_id,part,label,layer_height,wall_loops,sparse_infill_density,sparse_infill_pattern,brim_type,brim_width,brim_object_gap,enable_support,support_type,support_style,support_top_z_distance,support_bottom_z_distance,support_object_xy_distance,outer_wall_speed,inner_wall_speed,initial_layer_speed
1,W1,P43,P43-1,0.2,5,25%,gyroid,outer_only,3,0.1,0,tree(auto),default,0.2,0.2,0.35,"200,350","300,400","50,50"
1,W1,P03,P03-1,0.16,4,25%,gyroid,outer_only,3,0.1,1,tree(auto),default,0.2,0.2,0.4,"200,350","300,400","50,50"
1,W1,P04,P04-1,0.16,5,25%,gyroid,outer_only,3,0.1,1,tree(auto),default,0.2,0.2,0.4,"200,350","300,400","50,50"
1,W1,P06,P06-1,0.2,3,15%,grid,outer_only,3,0.1,0,tree(auto),default,0.2,0.2,0.35,"200,350","300,400","50,50"
1,W1,P08,P08-1,0.16,4,20%,grid,outer_only,3,0.1,1,tree(auto),default,0.16,0.16,0.4,"80,80","120,120","25,25"
1,W1,P14,P14-1,0.2,3,15%,grid,outer_only,3,0.1,0,tree(auto),default,0.2,0.2,0.35,"200,350","300,400","50,50"
1,W1,FB24,FB24-1,0.16,4,20%,grid,outer_only,3,0.1,1,tree(auto),default,0.16,0.16,0.4,"80,80","120,120","25,25"
1,W1,FB32,FB32-1,0.16,4,25%,gyroid,outer_only,3,0.1,1,tree(auto),default,0.2,0.2,0.4,"200,350","300,400","50,50"
2,K1,FB01,FB01-1,0.2,4,25%,gyroid,outer_only,5,0.12,1,normal(auto),snug,0.2,0.2,0.4,"50,50","100,100","20,20"
2,K1,P30,P30-1,0.16,5,35%,gyroid,outer_only,5,0.12,1,tree(auto),default,0.24,0.24,0.4,30,50,20
2,K1,P31,P31-1,0.16,5,35%,gyroid,outer_only,5,0.12,1,tree(auto),default,0.24,0.24,0.4,30,50,20
3,W2,P02,P02-1,0.2,3,15%,grid,outer_only,3,0.1,0,tree(auto),default,0.2,0.2,0.35,"200,350","300,400","50,50"
3,W2,P06,P06-1,0.2,3,15%,grid,outer_only,3,0.1,0,tree(auto),default,0.2,0.2,0.35,"200,350","300,400","50,50"
3,W2,P09,P09-1,0.2,3,15%,grid,outer_only,3,0.1,1,tree(auto),default,0.2,0.2,0.35,"200,350","300,400","50,50"
3,W2,P09,P09-2,0.2,3,15%,grid,outer_only,3,0.1,1,tree(auto),default,0.2,0.2,0.35,"200,350","300,400","50,50"
3,W2,P10,P10-1,0.16,4,25%,gyroid,outer_only,3,0.12,0,normal(auto),snug,0.2,0.2,0.4,30,50,"20,20"
3,W2,P10,P10-2,0.16,4,25%,gyroid,outer_only,3,0.12,0,normal(auto),snug,0.2,0.2,0.4,30,50,"20,20"
3,W2,P10,P10-3,0.16,4,25%,gyroid,outer_only,3,0.12,0,normal(auto),snug,0.2,0.2,0.4,30,50,"20,20"
3,W2,P11,P11-1,0.2,4,25%,gyroid,outer_only,3,0.1,1,tree(auto),default,0.2,0.2,0.35,"200,350","300,400","50,50"
3,W2,P42,P42-1,0.2,4,25%,gyroid,outer_only,3,0.1,1,tree(auto),default,0.2,0.2,0.35,"200,350","300,400","50,50"
3,W2,P12,P12-1,0.2,4,25%,gyroid,outer_only,3,0.1,1,tree(auto),default,0.2,0.2,0.35,"200,350","300,400","50,50"
3,W2,P34,P34-1,0.2,4,25%,gyroid,outer_only,3,0.1,1,tree(auto),default,0.2,0.2,0.4,"200,350","300,400","50,50"
3,W2,P35,P35-1,0.16,4,25%,gyroid,outer_only,5,0.12,1,normal(auto),snug,0.2,0.2,1.35,40,60,"20,20"
4,C1,AR01,AR01-1,0.16,5,35%,gyroid,outer_only,5,0.12,1,tree(auto),default,0.24,0.24,0.4,"30,30","50,50","25,25"
4,C1,AR04,AR04-1,0.16,5,35%,gyroid,outer_only,8,0.08,1,tree(auto),default,0.24,0.24,0.4,"25,25","40,40","20,20"
4,C1,P01,P01-1,0.16,5,35%,gyroid,outer_and_inner,8,0.08,1,tree(auto),default,0.24,0.24,0.4,"25,25","40,40","20,20"
4,C1,P01,P01-2,0.16,5,35%,gyroid,outer_and_inner,8,0.08,1,tree(auto),default,0.24,0.24,0.4,"25,25","40,40","20,20"
4,C1,GS11,GS11-1,0.16,5,35%,gyroid,outer_only,8,0.08,1,tree(auto),default,0.24,0.24,0.4,"25,25","40,40","20,20"
4,C1,GS12,GS12-1,0.16,5,35%,gyroid,outer_only,8,0.08,1,tree(auto),default,0.24,0.24,0.4,"25,25","40,40","20,20"
5,B1,AR02,AR02-1,0.16,5,35%,gyroid,outer_only,5,0.12,1,tree(auto),default,0.24,0.24,0.4,"30,30","50,50","50,50"
5,B1,AR05,AR05-1,0.16,5,35%,gyroid,outer_only,5,0.12,1,tree(auto),default,0.24,0.24,0.4,"30,30","50,50","50,50"
5,B1,AR03,AR03-1,0.16,5,35%,gyroid,outer_only,5,0.12,1,tree(auto),default,0.24,0.24,0.4,"30,30","50,50","50,50"
5,B1,AR06,AR06-1,0.16,5,35%,gyroid,outer_only,5,0.12,1,tree(auto),default,0.24,0.24,0.4,"30,30","50,50","50,50"
5,B1,AR08,AR08-1,0.12,3,20%,gyroid,outer_only,3,0.12,1,tree(auto),default,0.2,0.2,0.4,"30,30","50,50","50,50"
5,B1,AR09,AR09-1,0.12,3,20%,gyroid,outer_only,3,0.12,1,tree(auto),default,0.2,0.2,0.4,"30,30","50,50","50,50"
5,B1,A04,A04-1,0.16,4,25%,gyroid,outer_only,4,0.1,1,tree(auto),default,0.2,0.2,0.6,30,50,"20,20"
6,B2,GS20,GS20-1,0.16,4,20%,grid,outer_only,3,0.1,1,tree(auto),default,0.16,0.16,0.4,"60,60","120,120","25,25"
7,C2,FB03,FB03-1,0.16,4,25%,gyroid,outer_only,3,0.1,1,tree(auto),default,0.16,0.16,0.4,"40,40","80,80","25,25"
7,C2,FB19,FB19-1,0.16,4,25%,gyroid,outer_only,3,0.1,1,tree(auto),default,0.16,0.16,0.4,"40,40","80,80","25,25"
7,C2,FB19,FB19-2,0.16,4,25%,gyroid,outer_only,3,0.1,1,tree(auto),default,0.16,0.16,0.4,"40,40","80,80","25,25"
7,C2,FB20,FB20-1,0.16,4,25%,gyroid,outer_only,3,0.1,1,tree(auto),default,0.16,0.16,0.4,"40,40","80,80","25,25"
7,C2,FB21,FB21-1,0.16,4,25%,gyroid,outer_only,3,0.1,1,tree(auto),default,0.16,0.16,0.4,"40,40","80,80","25,25"
7,C2,FB41,FB41-1,0.16,4,25%,gyroid,outer_only,3,0.1,1,tree(auto),default,0.16,0.16,0.4,"40,40","80,80","25,25"
7,C2,P36,P36-1,0.16,4,25%,gyroid,outer_only,3,0.1,1,tree(auto),default,0.16,0.16,0.4,"40,40","80,80","25,25"
7,C2,P36,P36-2,0.16,4,25%,gyroid,outer_only,3,0.1,1,tree(auto),default,0.16,0.16,0.4,"40,40","80,80","25,25"
7,C2,P38,P38-1,0.16,4,25%,gyroid,outer_only,3,0.1,1,tree(auto),default,0.16,0.16,0.4,"40,40","80,80","25,25"
7,C2,P39,P39-1,0.16,4,25%,gyroid,outer_only,3,0.1,1,tree(auto),default,0.16,0.16,0.4,"40,40","80,80","25,25"
7,C2,P40,P40-1,0.16,4,25%,gyroid,outer_only,3,0.1,1,tree(auto),default,0.16,0.16,0.4,"40,40","80,80","25,25"
8,G1,B01,B01-1,0.16,3,20%,grid,outer_only,3,0.12,1,normal(auto),snug,0.2,0.2,1.35,"40,40","60,60","50,50"
8,G1,B02,B02-1,0.16,3,20%,grid,outer_only,3,0.12,1,normal(auto),snug,0.2,0.2,1.35,"40,40","60,60","50,50"
8,G1,B02,B02-2,0.16,3,20%,grid,outer_only,3,0.12,1,normal(auto),snug,0.2,0.2,1.35,"40,40","60,60","50,50"
8,G1,B02,B02-3,0.16,3,20%,grid,outer_only,3,0.12,1,normal(auto),snug,0.2,0.2,1.35,"40,40","60,60","50,50"
8,G1,B02,B02-4,0.16,3,20%,grid,outer_only,3,0.12,1,normal(auto),snug,0.2,0.2,1.35,"40,40","60,60","50,50"
8,G1,B03,B03-1,0.16,3,20%,grid,outer_only,3,0.12,1,normal(auto),snug,0.2,0.2,1.35,"40,40","60,60","50,50"
8,G1,B04,B04-1,0.16,3,20%,grid,outer_only,3,0.12,1,normal(auto),snug,0.2,0.2,1.35,"40,40","60,60","50,50"
8,G1,B09,B09-1,0.16,3,20%,grid,outer_only,3,0.12,1,normal(auto),snug,0.2,0.2,1.35,"40,40","60,60","50,50"
8,G1,B09,B09-2,0.16,3,20%,grid,outer_only,3,0.12,1,normal(auto),snug,0.2,0.2,1.35,"40,40","60,60","50,50"
8,G1,B09,B09-3,0.16,3,20%,grid,outer_only,3,0.12,1,normal(auto),snug,0.2,0.2,1.35,"40,40","60,60","50,50"
8,G1,B09,B09-4,0.16,3,20%,grid,outer_only,3,0.12,1,normal(auto),snug,0.2,0.2,1.35,"40,40","60,60","50,50"
8,G1,B09,B09-5,0.16,3,20%,grid,outer_only,3,0.12,1,normal(auto),snug,0.2,0.2,1.35,"40,40","60,60","50,50"
8,G1,B09,B09-6,0.16,3,20%,grid,outer_only,3,0.12,1,normal(auto),snug,0.2,0.2,1.35,"40,40","60,60","50,50"
8,G1,B09,B09-7,0.16,3,20%,grid,outer_only,3,0.12,1,normal(auto),snug,0.2,0.2,1.35,"40,40","60,60","50,50"
8,G1,B09,B09-8,0.16,3,20%,grid,outer_only,3,0.12,1,normal(auto),snug,0.2,0.2,1.35,"40,40","60,60","50,50"
8,G1,GS01,GS01-1,0.16,3,20%,grid,outer_only,3,0.1,1,tree(auto),default,0.16,0.16,0.4,"200,350","300,400","50,50"
8,G1,GS02,GS02-1,0.16,3,20%,grid,outer_only,3,0.1,1,tree(auto),default,0.16,0.16,0.4,"200,350","300,400","50,50"
8,G1,GS03,GS03-1,0.16,3,20%,grid,outer_only,3,0.1,1,tree(auto),default,0.16,0.16,0.4,"200,350","300,400","50,50"
9,K2,FB02,FB02-1,0.2,4,25%,gyroid,outer_only,5,0.12,0,normal(auto),snug,0.2,0.2,0.4,"50,50","100,100","20,20"
9,K2,P37,P37-1,0.16,4,25%,gyroid,outer_only,5,0.12,0,normal(auto),snug,0.2,0.2,0.4,30,50,"20,20"
9,K2,P37,P37-2,0.16,4,25%,gyroid,outer_only,5,0.12,0,normal(auto),snug,0.2,0.2,0.4,30,50,"20,20"
10,T1,A05,A05-1,0.16,3,15%,grid,outer_only,4,0.1,1,tree(auto),default,0.2,0.2,0.6,"60,60","100,100","50,50"
